{
    "Stuff": {
        "op_drive_params": {
        }
    },
    "Main_Config": {
        "Nrs": [
            10
        ],
        "E_C": 0.10283303447280807,
        "Cavity_Names": [
            "Mode9"
        ],
        "E_J": 26.96976142643705,
        "Nt_cut": 60,
        "E_oscs": [
            7.7152145412586295
        ],
        "Nt": 10,
        "ModelType": "TransmonResonators",
        "ng": 0,
        "kappa_tc": 1.785714285714286e-5,
        "kappa_td": 1.2348024316109425e-5,
        "kappa_cc": [
            1.0e-6
        ],
        "Model_Name": "Mode9",
        "gs": [
            0.03453933800369948
        ],
        "Save_Path": "ModelSaves/Mode9/"
    }
}