{
    "Stuff": {
        "op_drive_params": {
            "q_ge_10": {
                "pulse_time": 92.96875,
                "Envelope Args": {
                    "sigma": 23.2421875,
                    "mu": 46.484375
                },
                "epsilon": 0.00538,
                "Envelope": "Gaussian",
                "shift": 0.0003609116698058171,
                "accuracy": 0.9996970546181969,
                "freq_d": 4.601948160520536
            },
            "sb_f0g1_Mode3": {
                "pulse_time": 205.33903128907625,
                "Envelope Args": {
                    "pulse_time": 205.33903128907625,
                    "k": 2,
                    "ramp_time": 11.6257
                },
                "epsilon": 0.735,
                "Envelope": "Bump_Ramp",
                "shift": 0.03744821252807009,
                "accuracy": 0.9995809245436644,
                "freq_d": -2.8671207988439846
            },
            "sb_f0g1_Mode5": {
                "pulse_time": 196.94797449933026,
                "Envelope Args": {
                    "pulse_time": 196.94797449933026,
                    "k": 2,
                    "ramp_time": 11.6257
                },
                "epsilon": 1.21,
                "Envelope": "Bump_Ramp",
                "shift": 0.04532374784914984,
                "accuracy": 0.9995482056424596,
                "freq_d": -2.374596336900396
            },
            "q_ge_12": {
                "pulse_time": 92.96875,
                "Envelope Args": {
                    "sigma": 23.2421875,
                    "mu": 46.484375
                },
                "epsilon": 0.00538,
                "Envelope": "Gaussian",
                "shift": 0.0003609116698058171,
                "accuracy": 0.9997109286557687,
                "freq_d": 4.601594877760278
            },
            "sb_f1g2_Mode3": {
                "pulse_time": 148.60171016074202,
                "Envelope Args": {
                    "pulse_time": 148.60171016074202,
                    "k": 2,
                    "ramp_time": 11.6257
                },
                "epsilon": 0.735,
                "Envelope": "Bump_Ramp",
                "shift": 0.03744821252807009,
                "accuracy": 0.9987362086991435,
                "freq_d": -2.8667380721993396
            },
            "q_ef_00": {
                "pulse_time": 92.96875,
                "Envelope Args": {
                    "sigma": 23.2421875,
                    "mu": 46.484375
                },
                "epsilon": 0.00385,
                "Envelope": "Gaussian",
                "shift": 0.00016543802245920793,
                "accuracy": 0.9998560038428727,
                "freq_d": 4.49410701524188
            },
            "q_ef_10": {
                "pulse_time": 92.96875,
                "Envelope Args": {
                    "sigma": 23.2421875,
                    "mu": 46.484375
                },
                "epsilon": 0.00385,
                "Envelope": "Gaussian",
                "shift": 0.00016543802245920793,
                "accuracy": 0.999893142228369,
                "freq_d": 4.493928710497087
            },
            "q_half_ef_00": {
                "pulse_time": 92.96875,
                "Envelope Args": {
                    "sigma": 23.2421875,
                    "mu": 46.484375
                },
                "epsilon": 0.001925,
                "Envelope": "Gaussian",
                "shift": 0.00016543802245920793,
                "accuracy": 0.9999478550121956,
                "freq_d": 4.49410701524188
            },
            "q_ge_11": {
                "pulse_time": 92.96875,
                "Envelope Args": {
                    "sigma": 23.2421875,
                    "mu": 46.484375
                },
                "epsilon": 0.00538,
                "Envelope": "Gaussian",
                "shift": 0.0003609116698058171,
                "accuracy": 0.99971064027003,
                "freq_d": 4.601771506727005
            },
            "q_ge_01": {
                "pulse_time": 92.96875,
                "Envelope Args": {
                    "sigma": 23.2421875,
                    "mu": 46.484375
                },
                "epsilon": 0.00538,
                "Envelope": "Gaussian",
                "shift": 0.0003609116698058171,
                "accuracy": 0.999700643134438,
                "freq_d": 4.6019759674681495
            },
            "q_ge_22": {
                "pulse_time": 92.96875,
                "Envelope Args": {
                    "sigma": 23.2421875,
                    "mu": 46.484375
                },
                "epsilon": 0.00538,
                "Envelope": "Gaussian",
                "shift": 0.0003609116698058171,
                "accuracy": 0.9997109244729508,
                "freq_d": 4.601390529153728
            },
            "q_ef_11": {
                "pulse_time": 92.96875,
                "Envelope Args": {
                    "sigma": 23.2421875,
                    "mu": 46.484375
                },
                "epsilon": 0.00385,
                "Envelope": "Gaussian",
                "shift": 0.00016543802245920793,
                "accuracy": 0.9998942495543597,
                "freq_d": 4.493768009397385
            },
            "q_ef_12": {
                "pulse_time": 92.96875,
                "Envelope Args": {
                    "sigma": 23.2421875,
                    "mu": 46.484375
                },
                "epsilon": 0.00385,
                "Envelope": "Gaussian",
                "shift": 0.00016543802245920793,
                "accuracy": 0.9998942312304553,
                "freq_d": 4.493589776382265
            },
            "q_ge_00": {
                "pulse_time": 92.96875,
                "Envelope Args": {
                    "sigma": 23.2421875,
                    "mu": 46.484375
                },
                "epsilon": 0.00538,
                "Envelope": "Gaussian",
                "shift": 0.0003609116698058171,
                "accuracy": 0.9992398911152817,
                "freq_d": 4.602152688716288
            },
            "q_ef_21": {
                "pulse_time": 92.96875,
                "Envelope Args": {
                    "sigma": 23.2421875,
                    "mu": 46.484375
                },
                "epsilon": 0.00385,
                "Envelope": "Gaussian",
                "shift": 0.00016543802245920793,
                "accuracy": 0.9998942312304553,
                "freq_d": 4.493589776382265
            },
            "q_ef_22": {
                "pulse_time": 92.96875,
                "Envelope Args": {
                    "sigma": 23.2421875,
                    "mu": 46.484375
                },
                "epsilon": 0.00385,
                "Envelope": "Gaussian",
                "shift": 0.00016543802245920793,
                "accuracy": 0.9998942312304553,
                "freq_d": 4.493589776382265
            },
            "q_ge_21": {
                "pulse_time": 92.96875,
                "Envelope Args": {
                    "sigma": 23.2421875,
                    "mu": 46.484375
                },
                "epsilon": 0.00538,
                "Envelope": "Gaussian",
                "shift": 0.0003609116698058171,
                "accuracy": 0.9997109694892025,
                "freq_d": 4.601567090770644
            },
            "q_ef_01": {
                "pulse_time": 92.96875,
                "Envelope Args": {
                    "sigma": 23.2421875,
                    "mu": 46.484375
                },
                "epsilon": 0.00385,
                "Envelope": "Gaussian",
                "shift": 0.00016543802245920793,
                "accuracy": 0.9998933684885167,
                "freq_d": 4.493946270081807
            },