{"Main_Config": {"E_J": 26.96976142643705, "E_C": 0.10283303447280807, "E_osc": 6.72062927579, "g": 0.03020625000000001, "N_Transmon": 4, "N_Cavity": 5, "transmon_ng": 0, "transmon_ncut": 60, "transmon_truncated_dim": 10, "resonator_truncated_dim": 10, "model_name": "Mode_5", "save_path": "ModelSaves/Mode_5/"}, "op_drive_params_dict": {"sb_f_0_Main": {"Envelope": "Sine_Squared_Ramp", "shift": 0.05957495001747806, "epsilon": 1.38, "Envelope Args": {"ramp_time": 10, "pulse_time": 179.35}, "freq_d": -2.3774580567588544, "pulse_time": 179.35}, "sb_f_1_Main": {"Envelope": "Sine_Squared_Ramp", "shift": 0.06771433623270967, "epsilon": 1.48, "Envelope Args": {"ramp_time": 10, "pulse_time": 105.0}, "freq_d": -2.3771417938333563, "pulse_time": 105.0}, "sb_f_2_Main": {"Envelope": "Sine_Squared_Ramp", "shift": 0.07352879051903075, "epsilon": 1.55, "Envelope Args": {"ramp_time": 10, "pulse_time": 98.56}, "freq_d": -2.376825567705551, "pulse_time": 98.56}, "sb_f_3_Main": {"Envelope": "Guassian_Ramp", "shift": 0.08825439858166907, "epsilon": 1.72, "Envelope Args": {"ramp_time": 10, "sigma_factor": 4, "pulse_time": 83.4}, "freq_d": -2.376509378362375, "pulse_time": 83.4}, "sb_f_1_2pi_f_3": {"Envelope": "Guassian_Ramp", "shift": 0.0006635362947105495, "epsilon": 0.14086335943828532, "Envelope Args": {"ramp_time": 10, "sigma_factor": 2, "pulse_time": 1127.0}, "freq_d": -2.3771417938333563, "pulse_time": 1127.0}, "sb_f_0_4pi_f_3": {"Envelope": "Guassian_Ramp", "shift": 0.0004949214087247727, "epsilon": 0.12159377952312132, "Envelope Args": {"ramp_time": 10, "sigma_factor": 2, "pulse_time": 1846.25}, "freq_d": -2.3774580567588544, "pulse_time": 1846.25}, "q_g_0": {"Envelope": "Guassian", "shift": 0, "epsilon": 0.005, "Envelope Args": {"sigma": 25.25, "mu": 50.5}, "freq_d": 4.603670554112242, "pulse_time": 99.95}, "q_g_1": {"Envelope": "Guassian", "shift": 0, "epsilon": 0.005, "Envelope Args": {"sigma": 25.25, "mu": 50.5}, "freq_d": 4.60350491183209, "pulse_time": 99.86666666666666}, "q_g_2": {"Envelope": "Guassian", "shift": 0, "epsilon": 0.005, "Envelope Args": {"sigma": 25.5, "mu": 51.0}, "freq_d": 4.603339291360623, "pulse_time": 99.89473684210526}, "q_g_3": {"Envelope": "Guassian", "shift": 0, "epsilon": 0.005, "Envelope Args": {"sigma": 25.5, "mu": 51.0}, "freq_d": 4.6031736926891815, "pulse_time": 99.89473684210526}, "q_e_0": {"Envelope": "Guassian", "shift": 0, "epsilon": 0.005, "Envelope Args": {"sigma": 18.25, "mu": 36.5}, "freq_d": 4.495397663073035, "pulse_time": 71.7}, "q_e_1": {"Envelope": "Guassian", "shift": 0, "epsilon": 0.005, "Envelope Args": {"sigma": 18.25, "mu": 36.5}, "freq_d": 4.495246974351346, "pulse_time": 71.7}, "q_e_2": {"Envelope": "Guassian", "shift": 0, "epsilon": 0.005, "Envelope Args": {"sigma": 18.25, "mu": 36.5}, "freq_d": 4.495096300633392, "pulse_time": 71.65}, "q_e_3": {"Envelope": "Guassian", "shift": 0, "epsilon": 0.005, "Envelope Args": {"sigma": 18.25, "mu": 36.5}, "freq_d": 4.494945641914526, "pulse_time": 71.65}, "half_sb_f_1": {"Envelope": "Sine_Squared_Ramp", "shift": 0.06771433623270967, "epsilon": 1.48, "Envelope Args": {"ramp_time": 10, "pulse_time": 66.96}, "freq_d": -2.3771417938333563, "pulse_time": 66.96}}, "Drive Sequences": {}, "Extra_Stuff": {"Stark_Shift_Fits": {}, "Stark Shift Fits": {}}}