{
    "Stuff": {
        "op_drive_params": {
            "q_ef_3": {
                "pulse_time": 93.125,
                "Envelope Args": {
                    "sigma": 23.28125,
                    "mu": 46.5625
                },
                "epsilon": 0.00385,
                "Envelope": "Guassian",
                "shift": 0,
                "accuracy": 0.9998887393546738,
                "freq_d": 4.495000127935466
            },
            "sb_f1g2_2pi_f3g4": {
                "pulse_time": 1122.282315010885,
                "Envelope Args": {
                    "pulse_time": 1122.282315010885,
                    "k": 2,
                    "ramp_time": 11.6257
                },
                "epsilon": 0.13574232342776327,
                "Envelope": "Bump_Ramp",
                "shift": 0.0006159595823346707,
                "accuracy": 0.9986758414280411,
                "freq_d": -2.3768952837581683
            },
            "q_half_ge0": {
                "pulse_time": 92.96875,
                "Envelope Args": {
                    "sigma": 23.2421875,
                    "mu": 46.484375
                },
                "epsilon": 0.00269,
                "Envelope": "Guassian",
                "shift": 0,
                "accuracy": 0.9995677934797847,
                "freq_d": 4.603937898247684
            },
            "q_ef_2": {
                "pulse_time": 92.96875,
                "Envelope Args": {
                    "sigma": 23.2421875,
                    "mu": 46.484375
                },
                "epsilon": 0.00385,
                "Envelope": "Guassian",
                "shift": 0,
                "accuracy": 0.9998944824683673,
                "freq_d": 4.495160596572571
            },
            "sb_f2g3": {
                "pulse_time": 118.86275616909442,
                "Envelope Args": {
                    "pulse_time": 118.86275616909442,
                    "k": 2,
                    "ramp_time": 11.6257
                },
                "epsilon": 1.21,
                "Envelope": "Bump_Ramp",
                "shift": 0.04653811211348203,
                "accuracy": 0.9973625907464644,
                "freq_d": -2.376558475817933
            },
            "sb_f0g1_4pi_f3g4": {
                "pulse_time": 1755.0099293068945,
                "Envelope Args": {
                    "pulse_time": 1755.0099293068945,
                    "k": 2,
                    "ramp_time": 11.6257
                },
                "epsilon": 0.12396580073844854,
                "Envelope": "Bump_Ramp",
                "shift": 0.0005142372134883075,
                "accuracy": 0.9993915105405982,
                "freq_d": -2.3772321334376585
            },
            "q_ge_2": {
                "pulse_time": 92.96875,
                "Envelope Args": {
                    "sigma": 23.2421875,
                    "mu": 46.484375
                },
                "epsilon": 0.00538,
                "Envelope": "Guassian",
                "shift": 0,
                "accuracy": 0.9997127417851094,
                "freq_d": 4.603585074499918
            },
            "q_ge_1/2": {
                "pulse_time": 92.96875,
                "Envelope Args": {
                    "sigma": 23.2421875,
                    "mu": 46.484375
                },
                "epsilon": 0.00538,
                "Envelope": "Guassian",
                "shift": 0,
                "accuracy": 0.9995001763390534,
                "freq_d": 4.603849686126479
            },
            "sb_half_f1g2": {
                "pulse_time": 77.74080504115227,
                "Envelope Args": {
                    "pulse_time": 77.74080504115227,
                    "k": 2,
                    "ramp_time": 11.6257
                },
                "epsilon": 1.21,
                "Envelope": "Bump_Ramp",
                "shift": 0.04653811211348203,
                "accuracy": 0.9999998175777938,
                "freq_d": -2.3768952837581683
            },
            "sb_f1g2": {
                "pulse_time": 142.88208405212583,
                "Envelope Args": {
                    "pulse_time": 142.88208405212583,
                    "k": 2,
                    "ramp_time": 11.6257
                },
                "epsilon": 1.21,
                "Envelope": "Bump_Ramp",
                "shift": 0.04653811211348203,
                "accuracy": 0.9984747387568402,
                "freq_d": -2.3768952837581683
            },
            "q_half_ef0": {
                "pulse_time": 92.96875,
                "Envelope Args": {
                    "sigma": 23.2421875,
                    "mu": 46.484375
                },
                "epsilon": 0.001925,
                "Envelope": "Guassian",
                "shift": 0,
                "accuracy": 0.9999599083490484,
                "freq_d": 4.495481584895753
            },
            "q_ef_1/2": {
                "pulse_time": 92.96875,
                "Envelope Args": {
                    "sigma": 23.2421875,
                    "mu": 46.484375
                },
                "epsilon": 0.00385,
                "Envelope": "Guassian",
                "shift": 0,
                "accuracy": 0.9997587107986747,
                "freq_d": 4.495401333559972
            },
            "q_ge_4/3": {
                "pulse_time": 92.96875,
                "Envelope Args": {
                    "sigma": 23.2421875,
                    "mu": 46.484375
                },
                "epsilon": 0.00538,
                "Envelope": "Guassian",
                "shift": 0,
                "accuracy": 0.998834444463957,
                "freq_d": 4.603702665924469
            },
            "q_ge_3": {
                "pulse_time": 92.96875,
                "Envelope Args": {
                    "sigma": 23.2421875,
                    "mu": 46.484375
                },
                "epsilon": 0.00538,
                "Envelope": "Guassian",
                "shift": 0,
                "accuracy": 0.9997129310705458,
                "freq_d": 4.6034086997208385
            },
            "q_ge_3/2": {
                "pulse_time": 92.96875,
                "Envelope Args": {
                    "sigma": 23.2421875,
                    "mu": 46.484375
                },
                "epsilon": 0.00538,
                "Envelope": "Guassian",
                "shift": 0,
                "accuracy": 0.9982086286575607,
                "freq_d": 4.603673298984262
            },
            "q_ef_0": {
                "pulse_time": 92.96875,
                "Envelope Args": {
                    "sigma": 23.2421875,
                    "mu": 46.484375
                },
                "epsilon": 0.00385,
                "Envelope": "Guassian",
                "shift": 0,
                "accuracy": 0.9998660170850233,
                "freq_d": 4.495481584895753
            },
            "q_ge_0": {
                "pulse_time": 92.96875,
                "Envelope Args": {
                    "sigma": 23.2421875,
                    "mu": 46.484375
                },
                "epsilon": 0.00538,
                "Envelope": "Guassian",
                "shift": 0,
                "accuracy": 0.9994235807307258,
                "freq_d": 4.603937898247684
            },
            "q_ge_1": {
                "pulse_time": 92.96875,
                "Envelope Args": {
                    "sigma": 23.2421875,
                    "mu": 46.484375
                },
                "epsilon": 0.00538,
                "Envelope": "Guassian",
                "shift": 0,
                "accuracy": 0.9997052601643843,
                "freq_d": 4.603761474005273
            },
            "sb_f3g4": {
                "pulse_time": 104.90769138397025,
                "Envelope Args": {
                    "pulse_time": 104.90769138397025,
                    "k": 2,