{
    "Stuff": {
        "op_drive_params": {
            "q_ef_3": {
                "pulse_time": 71.640625,
                "Envelope Args": {
                    "sigma": 17.91015625,
                    "mu": 35.8203125
                },
                "epsilon": 0.005,
                "Envelope": "Guassian",
                "shift": 0,
                "freq_d": 4.495262330343272
            },
            "sb_f1g2_2pi_f3g4": {
                "pulse_time": 976.2534002817528,
                "Envelope Args": {
                    "pulse_time": 976.2534002817528,
                    "ramp_time": 5
                },
                "epsilon": 0.10332294178116314,
                "Envelope": "Sine_Squared_Ramp",
                "shift": 0.0007764089802112296,
                "freq_d": -2.8697817077804757
            },
            "q_ef_2": {
                "pulse_time": 71.640625,
                "Envelope Args": {
                    "sigma": 17.91015625,
                    "mu": 35.8203125
                },
                "epsilon": 0.005,
                "Envelope": "Guassian",
                "shift": 0,
                "freq_d": 4.49543238636081
            },
            "sb_f2g3": {
                "pulse_time": 113.07877142375587,
                "Envelope Args": {
                    "pulse_time": 113.07877142375587,
                    "ramp_time": 5
                },
                "epsilon": 0.78,
                "Envelope": "Sine_Squared_Ramp",
                "shift": 0.042200385158003936,
                "freq_d": -2.869416372849102
            },
            "sb_f0g1_4pi_f3g4": {
                "pulse_time": 1606.370722467842,
                "Envelope Args": {
                    "pulse_time": 1606.370722467842,
                    "ramp_time": 5
                },
                "epsilon": 0.08858901552290939,
                "Envelope": "Sine_Squared_Ramp",
                "shift": 0.0005714891107118456,
                "freq_d": -2.870147109080321
            },
            "q_ge_2": {
                "pulse_time": 100,
                "Envelope Args": {
                    "sigma": 25,
                    "mu": 50
                },
                "epsilon": 0.005,
                "Envelope": "Guassian",
                "shift": 0,
                "freq_d": 4.6036634306777025
            },
            "q_ge_1/2": {
                "pulse_time": 100,
                "Envelope Args": {
                    "sigma": 25,
                    "mu": 50
                },
                "epsilon": 0.005,
                "Envelope": "Guassian",
                "shift": 0,
                "freq_d": 4.603956477039954
            },
            "sb_half_f1g2": {
                "pulse_time": 71.03789062500002,
                "Envelope Args": {
                    "pulse_time": 71.03789062500002,
                    "ramp_time": 5
                },
                "epsilon": 0.78,
                "Envelope": "Sine_Squared_Ramp",
                "shift": 0.042200385158003936,
                "freq_d": -2.8697817077804757
            },
            "sb_f1g2": {
                "pulse_time": 137.33380462139388,
                "Envelope Args": {
                    "pulse_time": 137.33380462139388,
                    "ramp_time": 5
                },
                "epsilon": 0.78,
                "Envelope": "Sine_Squared_Ramp",
                "shift": 0.042200385158003936,
                "freq_d": -2.8697817077804757
            },
            "q_ge_4/3": {
                "pulse_time": 100,
                "Envelope Args": {
                    "sigma": 25,
                    "mu": 50
                },
                "epsilon": 0.005,
                "Envelope": "Guassian",
                "shift": 0,
                "freq_d": 4.603793650664721
            },
            "q_ge_3": {
                "pulse_time": 100,
                "Envelope Args": {
                    "sigma": 25,
                    "mu": 50
                },
                "epsilon": 0.005,
                "Envelope": "Guassian",
                "shift": 0,
                "freq_d": 4.6034681212296285
            },
            "q_ef_0": {
                "pulse_time": 71.640625,
                "Envelope Args": {
                    "sigma": 17.91015625,
                    "mu": 35.8203125
                },
                "epsilon": 0.005,
                "Envelope": "Guassian",
                "shift": 0,
                "freq_d": 4.495772574240482
            },
            "q_ge_0": {
                "pulse_time": 100,
                "Envelope Args": {
                    "sigma": 25,
                    "mu": 50
                },
                "epsilon": 0.005,
                "Envelope": "Guassian",
                "shift": 0,
                "freq_d": 4.604054172865094
            },
            "q_ge_1": {
                "pulse_time": 100,
                "Envelope Args": {
                    "sigma": 25,
                    "mu": 50
                },
                "epsilon": 0.005,
                "Envelope": "Guassian",
                "shift": 0,
                "freq_d": 4.603858781214814
            },
            "sb_f3g4": {
                "pulse_time": 98.4636451934429,
                "Envelope Args": {
                    "pulse_time": 98.4636451934429,
                    "ramp_time": 5
                },
                "epsilon": 0.78,
                "Envelope": "Sine_Squared_Ramp",
                "shift": 0.042200385158003936,
                "freq_d": -2.8690511042526197
            },
            "q_ef_1": {
                "pulse_time": 71.640625,
                "Envelope Args": {
                    "sigma": 17.91015625,
                    "mu": 35.8203125
                },
                "epsilon": 0.005,
                "Envelope": "Guassian",
                "shift": 0,
                "freq_d": 4.495602467656702
            },
            "sb_f0g1": {
                "pulse_time": 192.0835403868858,
                "Envelope Args": {
                    "pulse_time": 192.0835403868858,
                    "ramp_time": 5
                },
                "epsilon": 0.78,
                "Envelope": "Sine_Squared_Ramp",
                "shift": 0.042200385158003936,
                "freq_d": -2.870147109080321
            },
            "q_ef_3/2": {
                "pulse_time": 71.5625,
                "Envelope Args": {
                    "sigma": 17.890625,
                    "mu": 35.78125
                },
                "epsilon": 0.005,
                "Envelope": "Guassian",
                "shift": 0,
                "freq_d": 4.495517414364811
            }
        },
        "Drive_Sequences": {
            "Binomial_Encoding": [
                "q_ef",
                "q_ge",
                "sb_f0g1",
                "q_ge",
                "q_ef",
                "q_ge",
                "sb_half_f1g2",
                "q_ge",
                "q_ef",
                "sb_f2g3",
                "q_ge",
                "sb_f0g1",
                "q_ef",
                "sb_f0g1_4pi_f3g4",
                "q_ge",
                "sb_f3g4",
                "q_ef",
                "sb_f1g2_2pi_f3g4"
            ]
        }
    },
    "Main_Config": {
        "Nrs": 10,
        "E_C": 0.10283303447280807,
        "Cavity_Names": [
            "Mode 3"
        ],
        "E_J": 26.96976142643705,
        "Nt_cut": 60,
        "E_oscs": 6.2280871213,
        "Nt": 10,
        "ng": 0,
        "kappa_tc": 2.0e-5,
        "kappa_td": 5.194805194805194e-6,
        "kappa_cc": 1.0e-6,
        "Model_Name": "Mode3",
        "gs": 0.026184375000000013,
        "Save_Path": "ModelSaves/Mode3/"
    }
}