{
    "Simulated_Loss": [
        0.991593118187628,
        0.9940941425354,
        0.9942051148769403,
        0.9938618240265386,
        0.9938736774535896,
        0.9903574404905016,
        0.9919803341254914,
        0.9910456455960498,
        0.9892797600470372,
        0.9882203965762627
    ],
    "Theoretical_Loss": [
        0.991739602251432,
        0.9948331636815468,
        0.9947440917915872,
        0.9943172099788407,
        0.9943957490482156,
        0.990607495414713,
        0.99232811038121,
        0.9917241438409314,
        0.9894703637792448,
        0.986169117470785
    ],
    "No_Loss": [
        0.9999094644409078,
        0.9994114023332887,
        0.9996045058377755,
        0.9996803590800175,
        0.9995273278704916,
        0.9999892934177311,
        0.9999296120853679,
        0.9999072632410968,
        0.9999750696942993,
        0.999975167891248
    ]
}