{
    "Stuff": {
        "op_drive_params": {
        },
        "f0g1_stark_shift_fits": [
            {
                "param": [
                    -0.0017935682386928506,
                    0.11034704012919459,
                    -0.3042486748965316,
                    1.2072107562672059,
                    -2.6314451503842435,
                    3.1654528139931264,
                    -1.9805010343517078,
                    0.5026003808696755
                ],
                "resid": [
                    -1.7558672315244017e-6,
                    -2.8669617642732795e-7,
                    1.4353881361696234e-6,
                    -3.5750554375126725e-6,
                    5.532328670544706e-6,
                    -5.634299694974587e-6,
                    3.801554915722205e-6,
                    -1.6431293767618649e-6,
                    4.133880226464548e-7,
                    -4.6157252991951836e-8
                ],
                "jacobian": [
                    0.0009999999999999976,
                    0.11199999999999861,
                    0.2229999999999373,
                    0.3339999999998939,
                    0.44499999999977885,
                    0.5559999999999503,
                    0.6669999999984029,
                    0.7779999999991473,
                    0.8889999999998917,
                    1.0000000000052196,
                    9.999999999816035e-7,
                    0.012544000000019899,
                    0.04972900000004725,
                    0.11155599999988033,
                    0.19802500000041437,
                    0.3091359999997157,
                    0.4448889999995031,
                    0.6052840000032143,
                    0.7903209999982445,
                    1.0000000000052196,
                    9.999999949459474e-10,
                    0.001404927999998576,
                    0.011089566999980958,
                    0.037259703999686165,
                    0.08812112500017294,
                    0.17187961599885646,
                    0.29674096299730574,
                    0.4709109519950845,
                    0.7025953689929023,
                    0.9999999999868854,
                    1.0000147878469385e-12,
                    0.00015735193600717657,
                    0.00247297344104812,
                    0.012444741136129488,
                    0.03921390062537071,
                    0.09556506649668622,
                    0.19792622232276438,
                    0.3663687206585757,
                    0.6246072830475428,
                    1.0000000000101499,
                    9.966909427593454e-16,
                    1.762341683237996e-5,
                    0.000551473077356902,
                    0.004156543539472325,
                    0.017450185778299335,
                    0.05313417697230283,
                    0.1320167902895707,
                    0.28503486467172134,
                    0.5552758746278541,
                    1.000000000008904,
                    0.0,
                    1.9738226835966575e-6,
                    0.00012297849624653848,
                    0.0013882855421567428,
                    0.0077653326712656566,
                    0.029542602396284687,
                    0.088055199122252,
                    0.22175712471447503,
                    0.4936402525380944,
                    0.9999999999992587,
                    0.0,
                    2.2106813923112944e-7,
                    2.742420466338292e-5,
                    0.0004636873710706232,
                    0.003455573038735713,
                    0.01642568693221546,
                    0.05873281781483138,
                    0.17252704302747277,
                    0.43884618451170526,
                    1.0000000000041578,
                    0.0,
                    2.475962720134104e-8,
                    6.115597651081022e-6,
                    0.00015487158193678744,
                    0.0015377300022450609,
                    0.009132681934670034,
                    0.039174789482662835,
                    0.13422603947664868,
                    0.3901342580319205,
                    1.0000000000052196
                ],
                "converged": true,
                "trace": [
                ],
                "wt": [
                ]
            },
            [
                0.001,
                0.11199999999999999,
                0.22299999999999998,
                0.33399999999999996,
                0.44499999999999995,
                0.556,
                0.6669999999999999,
                0.778,
                0.8889999999999999,
                1.0
            ],
            [
                7.234298886832387e-8,
                0.0009055573984934073,
                0.0035843324342989397,
                0.008017948696594215,
                0.014167194668790808,
                0.021948724779164125,
                0.03125618547624005,
                0.042087945586928265,
                0.054246831508685034,
                0.06762260954527952
            ]
        ]
    },
    "Main_Config": {
        "Nrs": [
            6
        ],
        "E_C": 0.10283303447280807,
        "Cavity_Names": [
            "Mode3"
        ],
        "E_J": 26.96976142643705,
        "Nt_cut": 100,
        "E_oscs": [
            6.228083962082612
        ],
        "Nt": 30,
        "ModelType": "TransmonResonators",
        "ng": 0,
        "kappa_tc": 1.785714285714286e-5,
        "kappa_td": 1.2348024316109425e-5,
        "kappa_cc": [
            1.0e-6
        ],
        "Model_Name": "Mode3LargeTransmon",
        "gs": [
            0.026877206812551357
        ],
        "Save_Path": "ModelSaves/Mode3LargeTransmon/"
    }
}